{"type": "metrics", "dataset": "train", "precision": 0.6915851272015655, "balanced_accuracy": 0.6627051030748343, "recall": 0.37396825396825395, "f1_score": 0.48543956043956044}
{"type": "metrics", "dataset": "test", "precision": 0.6786355475763016, "balanced_accuracy": 0.6730135838680681, "recall": 0.39664218258132217, "f1_score": 0.5006622516556292}
{"type": "cm_matrix", "dataset": "train", "true_0": {"predicted_0": 15440, "predicted_1": 788}, "true_1": {"predicted_0": 2958, "predicted_1": 1767}}
{"type": "cm_matrix", "dataset": "test", "true_0": {"predicted_0": 6715, "predicted_1": 358}, "true_1": {"predicted_0": 1150, "predicted_1": 756}}
