{"type": "metrics", "dataset": "train", "precision": 0.6925490196078431, "balanced_accuracy": 0.6627225267452036, "recall": 0.37375661375661373, "f1_score": 0.4854982817869416}
{"type": "metrics", "dataset": "test", "precision": 0.677858439201452, "balanced_accuracy": 0.6708646925801072, "recall": 0.3919202518363064, "f1_score": 0.4966755319148936}
{"type": "cm_matrix", "dataset": "train", "true_0": {"predicted_0": 15444, "predicted_1": 784}, "true_1": {"predicted_0": 2959, "predicted_1": 1766}}
{"type": "cm_matrix", "dataset": "test", "true_0": {"predicted_0": 6718, "predicted_1": 355}, "true_1": {"predicted_0": 1159, "predicted_1": 747}}
